<?xml version="1.0" encoding="UTF-8" standalone="yes"?>
<registration_data version="1.0">
   <environment>
      <hostname>Inspiron39400</hostname>
      <hostId></hostId>
      <osName>Windows XP</osName>
      <osVersion>5.1</osVersion>
      <osArchitecture>x86</osArchitecture>
      <systemModel></systemModel>
      <systemManufacturer></systemManufacturer>
      <cpuManufacturer></cpuManufacturer>
      <serialNumber></serialNumber>
   </environment>
   <registry urn="urn:st:d7eb475b-d017-4fb8-9bb3-e662d1601842" version="1.0">
      <service_tag>
         <instance_urn>urn:st:104809c4-0320-4e45-a29b-be6686c4b94c</instance_urn>
         <product_name>J2SE 5.0 Runtime Environment</product_name>
         <product_version>1.5.0_21</product_version>
         <product_urn>urn:uuid:5c6686aa-fd05-46a6-ba3e-700e2d5f7043</product_urn>
         <product_parent_urn>urn:uuid:f3c20172-557a-11d7-93d0-d6a41ea318df</product_parent_urn>
         <product_parent>Java 2 Platform, Standard Edition 5.0</product_parent>
         <product_defined_inst_id>id=1.5.0_21-b01 x86,dir=F:\java\jre1.5.0</product_defined_inst_id>
         <product_vendor>Sun Microsystems</product_vendor>
         <platform_arch>x86</platform_arch>
         <timestamp>2009-09-18 17:14:57 GMT</timestamp>
         <container>global</container>
         <source>Windows JRE i586 installer</source>
         <installer_uid>-1</installer_uid>
      </service_tag>
   </registry>
</registration_data>
